{"cameraMode":{"drawMode":0,"name":"Shaded","section":"Shading Mode"},"sceneLighting":false,"audioPlay":false,"sceneViewState":{"showFog":false,"showMaterialUpdate":false,"showSkybox":false,"showFlares":false,"showImageEffects":false,"showParticleSystems":false},"in2DMode":false,"pivot":{"x":66.32205200195313,"y":12.503520965576172,"z":-123.90266418457031},"rotation":{"x":0.013795395381748677,"y":0.0449758917093277,"z":-0.0006242813542485237,"w":0.9988946318626404},"size":22.0,"orthographic":false}